INSERT INTO CONFERENCE (CONFERENCE_ID, CONFERENCE_TITLE) VALUES (1, 'West');
INSERT INTO CONFERENCE (CONFERENCE_ID, CONFERENCE_TITLE) VALUES (2, 'East');
INSERT INTO DIVISION (DIVISION_ID, DIVISION_TITLE, CONFERENCE_ID) VALUES (1, 'Atlantic', 1);
INSERT INTO DIVISION (DIVISION_ID, DIVISION_TITLE, CONFERENCE_ID) VALUES (2, 'SEcond Atlantic', 1);
INSERT INTO DIVISION (DIVISION_ID, DIVISION_TITLE, CONFERENCE_ID) VALUES (3, 'Texas', 2);
INSERT INTO DIVISION (DIVISION_ID, DIVISION_TITLE, CONFERENCE_ID) VALUES (4, 'SEcond Texas', 2);
INSERT INTO TEAM (TEAM_ID, TEAM_CITY, TEAM_TITLE, CONFERENCE_ID, DIVISION_ID, TEAM_WIN) VALUES (1, 'Houston', 'Rockets', 1, 1, 1);
INSERT INTO TEAM (TEAM_ID, TEAM_CITY, TEAM_TITLE, CONFERENCE_ID, DIVISION_ID, TEAM_WIN, GAMES_PLAYED) VALUES (2, 'San Antonio', 'Spurs', 1, 1, 2, 6);
INSERT INTO TEAM (TEAM_ID, TEAM_CITY, TEAM_TITLE, CONFERENCE_ID, DIVISION_ID) VALUES (3, 'Denver', 'Nuggets', 1, 2);
INSERT INTO TEAM (TEAM_ID, TEAM_CITY, TEAM_TITLE, CONFERENCE_ID, DIVISION_ID) VALUES (4, 'Golden State', 'Warriors', 1, 2);
INSERT INTO TEAM (TEAM_ID, TEAM_CITY, TEAM_TITLE, CONFERENCE_ID, DIVISION_ID, TEAM_WIN) VALUES (5, 'Celtics', 'Boston', 2, 3,4);
INSERT INTO TEAM (TEAM_ID, TEAM_CITY, TEAM_TITLE, CONFERENCE_ID, DIVISION_ID) VALUES (6, '76xers', 'Philadelphia', 2, 3);
INSERT INTO TEAM (TEAM_ID, TEAM_CITY, TEAM_TITLE, CONFERENCE_ID, DIVISION_ID, TEAM_WIN) VALUES (7, 'Raptors', 'Toronto', 2, 4, 7);
INSERT INTO TEAM (TEAM_ID, TEAM_CITY, TEAM_TITLE, CONFERENCE_ID, DIVISION_ID) VALUES (8, 'Cavaliers', 'Cleveland', 2, 4);
INSERT INTO PLAYER (PLAYER_ID, PLAYER_ATTACK_RATE, PLAYER_DEFENCE_RATE, PLAYER_FIRST_NAME, PLAYER_LAST_NAME, PLAYER_THREE_POINT_RATE, PLAYER_NUMBER, TEAM_ID) VALUES (1, 1.1, 1.2, 'James', 'Harden', 1.7, 13, 3);
INSERT INTO PLAYER (PLAYER_ID, PLAYER_ATTACK_RATE, PLAYER_DEFENCE_RATE, PLAYER_FIRST_NAME, PLAYER_LAST_NAME, PLAYER_THREE_POINT_RATE, PLAYER_NUMBER, TEAM_ID) VALUES (2, 2.1, 2.2, 'Clint', 'Capela', 1.7, 11, 3);
INSERT INTO PLAYER (PLAYER_ID, PLAYER_ATTACK_RATE, PLAYER_DEFENCE_RATE, PLAYER_FIRST_NAME, PLAYER_LAST_NAME, PLAYER_THREE_POINT_RATE, PLAYER_NUMBER, TEAM_ID) VALUES (3, 3.1, 3.2, 'Chris', 'Paul', 1.7, 3, 3);
INSERT INTO PLAYER (PLAYER_ID, PLAYER_ATTACK_RATE, PLAYER_DEFENCE_RATE, PLAYER_FIRST_NAME, PLAYER_LAST_NAME, PLAYER_THREE_POINT_RATE, PLAYER_NUMBER, TEAM_ID) VALUES (4, 4.1, 4.2, 'Trevor', 'Ariza', 1.7, 1, 3);
INSERT INTO PLAYER (PLAYER_ID, PLAYER_ATTACK_RATE, PLAYER_DEFENCE_RATE, PLAYER_FIRST_NAME, PLAYER_LAST_NAME, PLAYER_THREE_POINT_RATE, PLAYER_NUMBER, TEAM_ID) VALUES (5, 5.1, 5.2, 'Eric', 'Gordon', 1.7, 10, 3);